linea,estacion,base,lat,lon,pax_habil,pax_finde,perfil,h3,dist_link_m,brecha_link,tipo_zona,dist_link_usada_m,link_cerca
A,Acoyte,acoyte,-34.6181052,-58.4359552,10305.3,4216.4,Origen: la gente sale de su casa (pico a la mañana),89c2e31006fffff,15.545159155954126,-9.09077563600988,Corredores comerciales con subte,15.545159155954126,True
A,Alberti,alberti,-34.6098814,-58.4008551,3977.4,1730.0,Destino: la gente vuelve del trabajo (pico a la tarde),89c2e31112bffff,96.6640112587126,0.9821603580973868,Corredores comerciales con subte,96.6640112587126,True
A,Carabobo,carabobo,-34.6264544,-58.4561066,7948.2,2896.4,Origen: la gente sale de su casa (pico a la mañana),89c2e310563ffff,78.77391570197013,0.0246339257124788,Corredores comerciales con subte,78.77391570197013,True
A,Castro Barros,castro barros,-34.6117062,-58.4215177,7429.9,2918.7,Origen: la gente sale de su casa (pico a la mañana),89c2e311c93ffff,309.2930311653205,0.8277748638471598,Corredores comerciales con subte,309.2930311653205,True
A,Congreso - Raúl Alfonsín,congreso,-34.6092208,-58.3925644,6556.1,2539.5,Destino: la gente vuelve del trabajo (pico a la tarde),89c2e31116bffff,35.23532345725403,-7.280182172220838,Corredores comerciales con subte,35.23532345725403,True
A,Lima,lima,-34.6091227,-58.3826462,3388.0,1312.8,Destino: la gente vuelve del trabajo (pico a la tarde),89c2e3113abffff,259.8691847223349,-5.516490954835641,Corredores comerciales con subte,259.8691847223349,True
A,Loria,loria,-34.6108281,-58.4155501,4184.2,1690.3,Origen: la gente sale de su casa (pico a la mañana),89c2e311cd7ffff,263.74856852880225,0.8403996531283164,Corredores comerciales con subte,263.74856852880225,True
A,Pasco,pasco,-34.6096461,-58.3985172,1980.8,867.9,Origen: la gente sale de su casa (pico a la mañana),89c2e311177ffff,298.38965275049577,0.46009517354012175,Corredores comerciales con subte,298.38965275049577,True
A,Perú,peru,-34.6085776,-58.3745001,6699.2,1680.6,Destino: la gente vuelve del trabajo (pico a la tarde),89c2e31130bffff,41.727065263704404,-33.54781010008749,Corredores comerciales con subte,41.727065263704404,True
A,Piedras,piedras,-34.6088397,-58.3785726,4921.0,1095.2,Destino: la gente vuelve del trabajo (pico a la tarde),89c2e311303ffff,241.29522217457762,-15.453397966661637,Corredores comerciales con subte,241.29522217457762,True
A,Plaza de Mayo,plaza de mayo,-34.608798,-58.3711432,11838.4,3126.8,Destino: la gente vuelve del trabajo (pico a la tarde),89c2e311347ffff,60.33627023099533,-81.60520456799783,Corredores comerciales con subte,60.33627023099533,True
A,Plaza Miserere,plaza miserere,-34.6097461,-58.4063571,8846.9,4121.3,Origen: la gente sale de su casa (pico a la mañana),89c2e311137ffff,48.67042411657099,6.1689772523814845,Corredores comerciales con subte,48.67042411657099,True
A,Primera Junta,primera junta,-34.6205897,-58.4413922,9269.4,3528.0,Origen: la gente sale de su casa (pico a la mañana),89c2e31002bffff,129.23972311962285,-0.524020898493597,Corredores comerciales con subte,129.23972311962285,True
A,Puan,puan,-34.623559,-58.448639,5167.5,1771.9,Origen: la gente sale de su casa (pico a la mañana),89c2e3100afffff,259.8244383027772,1.190099191897923,Corredores comerciales con subte,259.8244383027772,True
A,Río de Janeiro,rio de janeiro,-34.6152413,-58.429492,5673.3,2130.0,Origen: la gente sale de su casa (pico a la mañana),89c2e3103cbffff,130.6668665891131,0.24470723110325343,Corredores comerciales con subte,130.6668665891131,True
A,Sáenz Peña,saenz pena,-34.6094069,-58.3867508,6612.8,2137.5,Destino: la gente vuelve del trabajo (pico a la tarde),89c2e3113a3ffff,62.261926975615445,-2.746249848560825,Corredores comerciales con subte,62.261926975615445,True
A,San José de Flores,san jose de flores,-34.6290748,-58.4634771,9008.0,3455.4,Origen: la gente sale de su casa (pico a la mañana),89c2e31053bffff,104.22080814560884,-6.090506711511531,Corredores comerciales con subte,104.22080814560884,True
A,San Pedrito,san pedrito,-34.630944,-58.4704936,20707.9,8541.3,Origen: la gente sale de su casa (pico a la mañana),89c2e3105a3ffff,289.65082783116287,-0.5317434753829828,Corredores comerciales con subte,289.65082783116287,True
B,Ángel Gallardo,angel gallardo,-34.6021483,-58.4311317,9580.4,4127.9,Origen: la gente sale de su casa (pico a la mañana),89c2e311ca7ffff,442.63894725387263,4.518973545190127,Corredores comerciales con subte,442.63894725387263,True
B,Callao (B),callao,-34.604451,-58.3927552,11782.0,4846.8,Destino: la gente vuelve del trabajo (pico a la tarde),89c2e311ec3ffff,27.978427495445548,-4.607480506569399,Corredores comerciales con subte,27.978427495445548,True
B,Carlos Gardel,carlos gardel,-34.6040822,-58.4113533,6316.3,5216.2,Destino: la gente vuelve del trabajo (pico a la tarde),89c2e311c43ffff,10.965753079285967,-0.984905436912987,Corredores comerciales con subte,10.965753079285967,True
B,Carlos Pellegrini,carlos pellegrini,-34.6036824,-58.3812708,12327.9,6923.9,Destino: la gente vuelve del trabajo (pico a la tarde),89c2e31132bffff,40.771189986242156,0.7324202232004886,Corredores comerciales con subte,40.771189986242156,True
B,Dorrego,dorrego,-34.5917642,-58.4474918,8176.3,4096.8,Origen: la gente sale de su casa (pico a la mañana),89c2e311da3ffff,67.63333437644812,3.5170792453291924,Corredores comerciales con subte,67.63333437644812,True
B,Echeverría,echeverria,-34.5779686,-58.4807356,4508.2,1691.4,Origen: la gente sale de su casa (pico a la mañana),89c2e310b93ffff,68.18865567808129,-7.664971360186587,Corredores comerciales con subte,68.18865567808129,True
B,Federico Lacroze,federico lacroze,-34.5871827,-58.4551513,17246.4,6494.0,Origen: la gente sale de su casa (pico a la mañana),89c2e310ad7ffff,61.44782545686874,-0.48564840240619667,Corredores comerciales con subte,61.44782545686874,True
B,Florida,florida,-34.6033487,-58.3745624,8822.0,2240.3,Destino: la gente vuelve del trabajo (pico a la tarde),89c2e311363ffff,42.75739799605105,-115.73201252189335,Corredores comerciales con subte,42.75739799605105,True
B,Juan Manuel de Rosas,juan manuel de rosas,-34.5739773,-58.4868061,19361.7,7695.2,Origen: la gente sale de su casa (pico a la mañana),89c2e31094bffff,41.907029508345616,-7.812649873998457,Corredores comerciales con subte,41.907029508345616,True
B,Leandro N. Alem,leandro n. alem,-34.6029769,-58.3697268,12222.6,3610.9,Destino: la gente vuelve del trabajo (pico a la tarde),89c2e31aca7ffff,129.2714504373467,-16.551522976352544,Corredores comerciales con subte,129.2714504373467,True
B,Los Incas - Parque Chas,los incas,-34.5812088,-58.4743442,6199.6,2244.1,Origen: la gente sale de su casa (pico a la mañana),89c2e310863ffff,177.29894737385612,0.7778971105852737,Corredores comerciales con subte,177.29894737385612,True
B,Malabia - Osvaldo Pugliese,malabia,-34.5990344,-58.4396927,10080.4,4168.2,Origen: la gente sale de su casa (pico a la mañana),89c2e311d9bffff,82.83069954254572,-8.385478074100991,Corredores comerciales con subte,82.83069954254572,True
B,Medrano - Almagro,medrano,-34.6032012,-58.4208126,10546.9,4577.1,Origen: la gente sale de su casa (pico a la mañana),89c2e311c07ffff,93.90527301566274,-9.14368464779018,Corredores comerciales con subte,93.90527301566274,True
B,Pasteur - AMIA,pasteur,-34.6046438,-58.3994148,7876.9,2822.0,Destino: la gente vuelve del trabajo (pico a la tarde),89c2e311e83ffff,131.80403440224714,12.534792486211703,Corredores comerciales con subte,131.80403440224714,True
B,Pueyrredón (B),pueyrredon,-34.6045673,-58.4054021,5830.7,2973.8,Destino: la gente vuelve del trabajo (pico a la tarde),89c2e311e97ffff,71.24790463721331,23.180710646593006,Corredores comerciales con subte,71.24790463721331,True
B,Tronador - Villa Ortúzar,tronador,-34.584083,-58.4663718,3918.2,1296.8,Origen: la gente sale de su casa (pico a la mañana),89c2e310ab3ffff,123.7244963629799,0.7514886225828203,Corredores comerciales con subte,123.7244963629799,True
B,Uruguay,uruguay,-34.604043,-58.3870845,5588.0,1883.0,Destino: la gente vuelve del trabajo (pico a la tarde),89c2e311337ffff,112.21740005153224,-12.634285705563444,Corredores comerciales con subte,112.21740005153224,True
C,Avenida de Mayo,avenida de mayo,-34.6089745,-58.3806319,2608.1,940.7,Destino: la gente vuelve del trabajo (pico a la tarde),89c2e311307ffff,70.75469781522783,-2.977789257944365,Corredores comerciales con subte,70.75469781522783,True
C,Constitución,constitucion,-34.6273936,-58.3811172,54272.0,23481.5,Origen: la gente sale de su casa (pico a la mañana),89c2e311017ffff,123.87236700149768,0.775177685846475,Corredores comerciales con subte,123.87236700149768,True
C,Diagonal Norte,diagonal norte,-34.604769,-58.3795115,3772.8,900.9,Destino: la gente vuelve del trabajo (pico a la tarde),89c2e311377ffff,48.81033706102106,-54.66099474406954,Corredores comerciales con subte,48.81033706102106,True
C,General San Martín,general san martin,-34.5950235,-58.3778987,3603.2999999999997,953.0,Destino: la gente vuelve del trabajo (pico a la tarde),89c2e31ad13ffff,172.6177737147681,2.036389769468016,Corredores comerciales con subte,172.6177737147681,True
C,Independencia (C),independencia,-34.6180915,-58.3801357,4559.5,1910.0,Destino: la gente vuelve del trabajo (pico a la tarde),89c2e311393ffff,74.68888790535169,-2.1768556259980976,Corredores comerciales con subte,74.68888790535169,True
C,Lavalle,lavalle,-34.6017393,-58.3781082,4569.6,1267.4,Destino: la gente vuelve del trabajo (pico a la tarde),89c2e311367ffff,179.21857716236065,-38.2272683774607,Corredores comerciales con subte,179.21857716236065,True
C,Moreno,moreno,-34.6124679,-58.3805252,3718.3,741.6,Destino: la gente vuelve del trabajo (pico a la tarde),89c2e31138fffff,92.04639580119,-3.8105252357847084,Corredores comerciales con subte,92.04639580119,True
C,Retiro (C),retiro,-34.5913025,-58.3741803,18099.4,7046.0,Origen: la gente sale de su casa (pico a la mañana),89c2e31ad0bffff,116.05022607934139,-5.6943909423587895,Corredores comerciales con subte,116.05022607934139,True
C,San Juan,san juan,-34.6222364,-58.3799317,3351.3,1299.6,Origen: la gente sale de su casa (pico a la mañana),89c2e311077ffff,322.0811282625173,-2.730561672749927,Corredores comerciales con subte,322.0811282625173,True
D,9 de Julio,9 de julio,-34.6044364,-58.3802711,3527.2999999999997,666.6,Destino: la gente vuelve del trabajo (pico a la tarde),89c2e31132bffff,40.771189986242156,0.7324202232004886,Corredores comerciales con subte,40.771189986242156,True
D,Agüero,aguero,-34.5917097,-58.4070715,3810.8,1580.1,Origen: la gente sale de su casa (pico a la mañana),89c2e311e27ffff,131.05189913942507,5.706998396194175,Corredores comerciales con subte,131.05189913942507,True
D,Bulnes,bulnes,-34.588251,-58.4112129,10657.3,5256.099999999999,Origen: la gente sale de su casa (pico a la mañana),89c2e311857ffff,90.128987404801,1.3062907728475341,Corredores comerciales con subte,90.128987404801,True
D,Callao (D),callao,-34.5996372,-58.3926756,9063.6,2653.9,Destino: la gente vuelve del trabajo (pico a la tarde),89c2e311e57ffff,144.4278443083429,13.061916394420205,Corredores comerciales con subte,144.4278443083429,True
D,Catedral,catedral,-34.60757,-58.3742905,15388.5,3313.3,Destino: la gente vuelve del trabajo (pico a la tarde),89c2e311373ffff,13.351698654149727,-108.64518644931002,Corredores comerciales con subte,13.351698654149727,True
D,Congreso de Tucumán,congreso de tucuman,-34.5558009,-58.4622186,20981.1,7362.6,Origen: la gente sale de su casa (pico a la mañana),89c2e30242fffff,58.80887409087249,-9.732657508648813,Corredores comerciales con subte,58.80887409087249,True
D,Facultad de Medicina,facultad de medicina,-34.5997479,-58.3977392,11404.4,2418.2,Destino: la gente vuelve del trabajo (pico a la tarde),89c2e311e13ffff,117.14805010185596,6.664545281736219,Corredores comerciales con subte,117.14805010185596,True
D,José Hernández,jose hernandez,-34.566256,-58.4520698,8269.7,2901.1,Origen: la gente sale de su casa (pico a la mañana),89c2e3024cfffff,27.035112702671224,1.466332516232649,Corredores comerciales con subte,27.035112702671224,True
D,Juramento,juramento,-34.5624355,-58.4563786,11495.4,6675.7,Origen: la gente sale de su casa (pico a la mañana),89c2e302403ffff,104.9522921604057,-2.4054374165280095,Corredores comerciales con subte,104.9522921604057,True
D,Ministro Carranza,ministro carranza,-34.5752014,-58.4346817,8056.0,2863.3,Origen: la gente sale de su casa (pico a la mañana),89c2e31190bffff,143.94720035311155,3.119958510049875,Corredores comerciales con subte,143.94720035311155,True
D,Olleros,olleros,-34.5702528,-58.4443609,8100.5,2946.5,Origen: la gente sale de su casa (pico a la mañana),89c2e311937ffff,114.60706547809181,1.4283971269719382,Corredores comerciales con subte,114.60706547809181,True
D,Palermo,palermo,-34.5784903,-58.4256173,9941.3,5625.6,Origen: la gente sale de su casa (pico a la mañana),89c2e311827ffff,130.56438633553026,3.2200945356919917,Corredores comerciales con subte,130.56438633553026,True
D,Plaza Italia,plaza italia,-34.5814551,-58.4211107,4631.7,3338.6,Destino: la gente vuelve del trabajo (pico a la tarde),89c2e31183bffff,89.12896772748925,-5.071005831371378,Corredores comerciales con subte,89.12896772748925,True
D,Pueyrredón (D),pueyrredon,-34.5949245,-58.4031408,5966.9,1765.1,Origen: la gente sale de su casa (pico a la mañana),89c2e311e33ffff,101.6693648528091,1.0551703758983138,Corredores comerciales con subte,101.6693648528091,True
D,Scalabrini Ortiz,scalabrini ortiz,-34.5851659,-58.4158912,7570.0,3492.8,Origen: la gente sale de su casa (pico a la mañana),89c2e31180bffff,196.28960533841925,2.519909772477133,Corredores comerciales con subte,196.28960533841925,True
D,Tribunales - Teatro Colón,tribunales,-34.6014395,-58.3848777,8098.0,1946.8,Destino: la gente vuelve del trabajo (pico a la tarde),89c2e31132fffff,94.90490850492208,-14.933842035500495,Corredores comerciales con subte,94.90490850492208,True
E,Avenida La Plata,avenida la plata,-34.626968,-58.426404,4420.7,1572.6,Origen: la gente sale de su casa (pico a la mañana),89c2e310297ffff,417.1764504754054,4.812041162028696,Corredores comerciales con subte,417.1764504754054,True
E,Belgrano,belgrano,-34.612958,-58.3776468,3029.3,765.9,Destino: la gente vuelve del trabajo (pico a la tarde),89c2e311313ffff,38.713362926159654,-3.271219292282429,Corredores comerciales con subte,38.713362926159654,True
E,Boedo,boedo,-34.6254799,-58.4161163,4219.3,1906.7,Origen: la gente sale de su casa (pico a la mañana),89c2e3102c7ffff,209.4261573813333,-3.536640410700799,Corredores comerciales con subte,209.4261573813333,True
E,Bolívar,bolivar,-34.6097375,-58.3741113,7627.8,1665.8999999999999,Destino: la gente vuelve del trabajo (pico a la tarde),89c2e31130bffff,41.727065263704404,-33.54781010008749,Corredores comerciales con subte,41.727065263704404,True
E,Catalinas,catalinas,-34.596514,-58.3720955,4313.8,560.3,Destino: la gente vuelve del trabajo (pico a la tarde),89c2e31adcfffff,150.60296196973442,-4.596453161141494,Corredores comerciales con subte,150.60296196973442,True
E,Correo Central,correo central,-34.6037,-58.3702237,5228.400000000001,1526.1,Destino: la gente vuelve del trabajo (pico a la tarde),89c2e31136bffff,56.500132239286984,-94.46957574839281,Corredores comerciales con subte,56.500132239286984,True
E,Emilio Mitre,emilio mitre,-34.6314574,-58.4423592,3724.2,1652.3,Origen: la gente sale de su casa (pico a la mañana),89c2e31008bffff,489.8087422619491,0.9950508406671716,Corredores comerciales con subte,489.8087422619491,True
E,Entre Ríos - Rodolfo Walsh,entre rios,-34.6227394,-58.3914497,3244.2,1408.1,Origen: la gente sale de su casa (pico a la mañana),89c2e3111dbffff,91.36864605136356,-5.504420766261516,Corredores comerciales con subte,91.36864605136356,True
E,General Urquiza,general urquiza,-34.6246886,-58.4097487,3069.2,1067.5,Origen: la gente sale de su casa (pico a la mañana),89c2e310253ffff,488.35628778432414,3.0976274947107987,Corredores comerciales con subte,488.35628778432414,True
E,Independencia - Santa Mama Antula,independencia,-34.6181099,-58.3814646,7908.599999999999,1343.8,Destino: la gente vuelve del trabajo (pico a la tarde),89c2e311393ffff,74.68888790535169,-2.1768556259980976,Corredores comerciales con subte,74.68888790535169,True
E,José María Moreno,jose maria moreno,-34.6280256,-58.4338861,3560.6,1343.4,Origen: la gente sale de su casa (pico a la mañana),89c2e310057ffff,294.1284156157826,1.3249507151402913,Corredores comerciales con subte,294.1284156157826,True
E,Jujuy,jujuy,-34.6238418,-58.4027603,2260.7,1125.7,Origen: la gente sale de su casa (pico a la mañana),89c2e311193ffff,252.2119733668988,-0.2275275999769022,Corredores comerciales con subte,252.2119733668988,True
E,Medalla Milagrosa,medalla milagrosa,-34.6363065,-58.4501913,1782.4,675.7,Origen: la gente sale de su casa (pico a la mañana),89c2e310427ffff,838.9070079231078,1.2292743038401606,Corredores comerciales con subte,838.9070079231078,False
E,Pichincha,pichincha,-34.6232137,-58.3975718,2090.3,942.8000000000001,Origen: la gente sale de su casa (pico a la mañana),89c2e31119bffff,535.5782513984315,4.682663911538394,Corredores comerciales con subte,535.5782513984315,False
E,Plaza de los Virreyes - Eva Perón,plaza de los virreyes,-34.6429239,-58.461676,7283.8,2368.2,Origen: la gente sale de su casa (pico a la mañana),89c2e312367ffff,435.9991055450773,0.7384750571693005,Corredores comerciales con subte,435.9991055450773,True
E,Retiro (E),retiro,-34.5921903,-58.3761678,3493.1,1021.8,Destino: la gente vuelve del trabajo (pico a la tarde),89c2e31ad03ffff,172.51064633001715,10.803876300384509,Corredores comerciales con subte,172.51064633001715,True
E,San José,san jose,-34.6223517,-58.3852048,2323.6,917.5,Origen: la gente sale de su casa (pico a la mañana),89c2e311023ffff,444.19104876268017,2.743554049940072,Corredores comerciales con subte,444.19104876268017,True
E,Varela,varela,-34.6398165,-58.4580134,2038.6,687.6,Origen: la gente sale de su casa (pico a la mañana),89c2e3105d7ffff,287.69710906979543,-3.3452852781774416,Corredores comerciales con subte,287.69710906979543,True
H,Caseros,caseros,-34.6354349,-58.3990398,5487.5,1880.3,Origen: la gente sale de su casa (pico a la mañana),89c2e311513ffff,146.69763810758985,-5.139045217874746,Corredores comerciales con subte,146.69763810758985,True
H,Córdoba,cordoba,-34.5991974,-58.4039401,5745.0,1656.9,Destino: la gente vuelve del trabajo (pico a la tarde),89c2e311ebbffff,136.59500845151476,12.35932902572242,Corredores comerciales con subte,136.59500845151476,True
H,Corrientes,corrientes,-34.6041224,-58.4053431,4324.7,2064.4,Destino: la gente vuelve del trabajo (pico a la tarde),89c2e311e97ffff,71.24790463721331,23.180710646593006,Corredores comerciales con subte,71.24790463721331,True
H,Facultad de Derecho - Julieta Lanteri,facultad de derecho,-34.5830687,-58.3910479,4883.7,2119.9,Destino: la gente vuelve del trabajo (pico a la tarde),89c2e311a57ffff,442.80682949321056,0.5274477561038586,Mayor vulnerabilidad social,442.80682949321056,True
H,Hospitales - Ringo Bonavena,hospitales,-34.6416988,-58.4126594,11463.3,3898.5,Origen: la gente sale de su casa (pico a la mañana),89c2e310653ffff,117.50813221841636,-1.618033223681819,Corredores comerciales con subte,117.50813221841636,True
H,Humberto I,humberto i,-34.6230697,-58.4023299,4411.5,1945.9,Origen: la gente sale de su casa (pico a la mañana),89c2e311193ffff,252.2119733668988,-0.2275275999769022,Corredores comerciales con subte,252.2119733668988,True
H,Inclán-Mezquita Al Ahmad,inclan,-34.6293073,-58.4010012,4069.4,1746.2,Origen: la gente sale de su casa (pico a la mañana),89c2e31153bffff,561.9215172243864,4.036572831516018,Corredores comerciales con subte,561.9215172243864,False
H,Las Heras,las heras,-34.5875522,-58.3972196,7553.4,3146.3,Destino: la gente vuelve del trabajo (pico a la tarde),89c2e311a9bffff,146.9980541325022,-1.4555427059649837,Corredores comerciales con subte,146.9980541325022,True
H,Once - 30 de Diciembre,once,-34.6091557,-58.4060183,8903.5,4415.6,Origen: la gente sale de su casa (pico a la mañana),89c2e311127ffff,96.55167920565724,14.234098841775715,Corredores comerciales con subte,96.55167920565724,True
H,Parque Patricios,parque patricios,-34.6384945,-58.4063149,8259.6,3089.2,Origen: la gente sale de su casa (pico a la mañana),89c2e311597ffff,130.35212352837684,-1.1920475403736228,Corredores comerciales con subte,130.35212352837684,True
H,Santa Fe - Carlos Jáuregui,santa fe,-34.5947089,-58.4024287,8195.5,2959.9,Destino: la gente vuelve del trabajo (pico a la tarde),89c2e311e33ffff,101.6693648528091,1.0551703758983138,Corredores comerciales con subte,101.6693648528091,True
H,Venezuela,venezuela,-34.6152097,-58.404737,5610.0,2551.3,Origen: la gente sale de su casa (pico a la mañana),89c2e3111abffff,438.57096179663034,6.813578103357425,Corredores comerciales con subte,438.57096179663034,True
