modelo,validación,MAE,RMSE,R²,D² Poisson
Línea de base (promedio),espacial (por comuna),8.0121920667265,15.812593845972033,-0.041726905440315765,-0.10978168496256924
Línea de base (promedio),aleatoria,7.746439274868133,15.503900655490675,-0.0014507655445954448,-0.003313637307915007
Poisson solo con población,espacial (por comuna),7.114330069321215,15.397193205881708,0.01228700449626885,-0.13770424087107225
Poisson solo con población,aleatoria,6.791874085586414,15.073904217441342,0.05332882882882051,0.09746784060240876
Regresión de Poisson (GLM),espacial (por comuna),4.4708615138778525,12.216187139570556,0.37824540548829966,0.6227380550953823
Regresión de Poisson (GLM),aleatoria,3.7238777077102676,7.91092543793862,0.7392632598039037,0.7455807757368859
Árbol de decisión (CART),espacial (por comuna),4.811667006563287,13.169146839815749,0.27745827843616533,0.49540154699205863
Árbol de decisión (CART),aleatoria,4.258180413143153,10.003134513180369,0.5831115463972474,0.6798233938103813
Random Forest,espacial (por comuna),4.335302210552373,12.91197399229742,0.30540295027032716,0.5635520011399999
Random Forest,aleatoria,3.111596612776627,7.429525406240551,0.7700307369751895,0.8204394710502931
Gradient Boosting (Poisson),espacial (por comuna),4.186590738146717,12.988309127915791,0.29716580657805347,0.5214482925659845
Gradient Boosting (Poisson),aleatoria,2.801312166285553,6.336605737958284,0.8327134511617987,0.8362864475054268
Ensamble (Poisson GLM + Boosting),espacial (por comuna),4.176202586000423,12.36677247937138,0.36282255991208434,0.6147791691724664
Ensamble (Poisson GLM + Boosting),aleatoria,3.088340468868671,6.621137325645866,0.8173528751943322,0.8153097875283155
