orden,h3,lat,lon,barrio,comuna,personas_nuevas,residentes_nuevos,personas_acumuladas,tipo_zona,brecha_link
1,89c2e3024bbffff,-34.56481799018608,-58.46293473327917,Belgrano,13,18418.09666978731,18418.09666978731,18418.09666978731,Residencial denso,3.765178958581778
2,89c2e311113ffff,-34.61808499219241,-58.39892609529366,Balvanera,3,17261.22261666674,17261.22261666674,35679.31928645405,Residencial denso,1.94622688232428
3,89c2e312093ffff,-34.674932390576885,-58.46636660640075,Villa Lugano,8,15938.453871695814,15938.453871695814,51617.77315814986,Mayor vulnerabilidad social,0.13157978034392376
4,89c2e31331bffff,-34.65179734343535,-58.397948696141526,Barracas,4,14888.568073615328,14888.568073615328,66506.34123176518,Mayor vulnerabilidad social,0.37477345650691585
5,89c2e31338bffff,-34.655054036001104,-58.40105371642555,Barracas,4,13785.96407662888,13785.96407662888,80292.30530839406,Mayor vulnerabilidad social,0.45169329041715295
6,89c2e302697ffff,-34.56419410064358,-58.44249036601447,Palermo,14,13006.708125503355,13006.708125503355,93299.01343389742,Residencial denso,2.4091176744273866
7,89c2e3125b3ffff,-34.67465782266959,-58.49259032964699,Villa Lugano,8,12979.31001800852,12979.31001800852,106278.32345190593,Mayor vulnerabilidad social,0.13027429757096262
8,89c2e312533ffff,-34.668944737741704,-58.489345180261836,Villa Lugano,8,12896.499830272036,12896.499830272036,119174.82328217797,Mayor vulnerabilidad social,0.22648607029484988
9,89c2e31018bffff,-34.619950120500306,-58.46027963009392,Flores,7,12725.571720672076,12725.571720672076,131900.39500285004,Residencial denso,0.5963881914506055
10,89c2e31034bffff,-34.60876342562152,-58.42755855594838,Almagro,5,12715.231774076168,12715.231774076168,144615.62677692622,Residencial denso,1.2160474115880868
11,89c2e310837ffff,-34.58103123934233,-58.48718821401674,Villa Urquiza,12,12685.930232422357,12685.930232422357,157301.5570093486,Residencial denso,0.5595679148930425
12,89c2e3024afffff,-34.560676934442625,-58.46561150458168,Belgrano,13,12633.77579915455,12633.77579915455,169935.33280850312,Residencial denso,2.0672049958522662
13,89c2e310397ffff,-34.61598758001853,-58.44547206835997,Caballito,6,12418.627164296977,12418.627164296977,182353.9599728001,Residencial denso,1.0742695742076862
14,89c2e310b17ffff,-34.569579092595404,-58.48069889376938,Villa Urquiza,12,12198.124671258642,12198.124671258642,194552.08464405875,Residencial denso,1.0426212612723234
15,89c2e3122a7ffff,-34.65945775674763,-58.45380984026481,Villa Soldati,8,12082.205064993192,12082.205064993192,206634.28970905195,Mayor vulnerabilidad social,0.1170931563847386
16,89c2e310ba7ffff,-34.56702462000867,-58.4892956621214,Villa Urquiza,12,11891.033525793788,11891.033525793788,218525.32323484574,Residencial denso,0.653175137219719
17,89c2e31023bffff,-34.61703838832013,-58.422201763113776,Almagro,5,11766.830138547615,11766.830138547615,230292.15337339335,Residencial denso,1.1040989446864824
18,89c2e3026b7ffff,-34.558379631759195,-58.44798718478945,Belgrano,13,11472.428170704174,11472.428170704174,241764.5815440975,Residencial denso,9.520191921580768
19,89c2e310a7bffff,-34.57644565467352,-58.45194248052858,Colegiales,13,11468.984405891262,11468.984405891262,253233.56594998878,Residencial denso,1.4137555917842626
20,89c2e31003bffff,-34.622589537062,-58.44293629683819,Caballito,6,11150.778420197894,11150.778420197894,264384.3443701867,Corredores comerciales con subte,2.8608495636953757
21,89c2e310543ffff,-34.63235994327048,-58.4522474641675,Parque Chacabuco,7,10958.514428373179,10958.514428373179,275342.8587985599,Residencial denso,0.7134187256036598
22,89c2e311173ffff,-34.612359424190245,-58.39567943643812,Balvanera,3,10921.664223408434,10921.664223408434,286264.5230219683,Corredores comerciales con subte,8.622644160723777
23,89c2e311dcbffff,-34.597227512461544,-58.4298109640725,Villa Crespo,15,10584.94296452362,10584.94296452362,296849.46598649194,Residencial denso,0.934847089237314
24,89c2e31198bffff,-34.57987677344838,-58.43756095448686,Palermo,14,10262.399857881512,10262.399857881512,307111.8658443735,Residencial denso,2.0734434351336253
25,89c2e312a7bffff,-34.61651666788758,-58.47465897699375,Villa Santa Rita,11,10157.342369958855,10157.342369958855,317269.20821433235,Residencial denso,1.4772770106703887
26,89c2e311a4bffff,-34.58037372937509,-58.385088642189366,Retiro,1,9997.514268554241,9997.514268554241,327266.7224828866,Mayor vulnerabilidad social,0.1601135596878304
27,89c2e310413ffff,-34.646438753304494,-58.441394314257245,Flores,7,9820.486252173734,9820.486252173734,337087.2087350603,Mayor vulnerabilidad social,0.29693984715849775
28,89c2e310c33ffff,-34.59996506380155,-58.48536487486047,Villa del Parque,11,9672.777366242473,9672.777366242473,346759.9861013028,Residencial denso,0.4185941366279688
29,89c2e3115afffff,-34.630326789611615,-58.4083821652092,Parque Patricios,4,9668.321062773892,9668.321062773892,356428.30716407666,Residencial denso,1.0541539173506431
30,89c2e312e4fffff,-34.63543830693575,-58.47283480703626,Floresta,10,9594.138853906905,9594.138853906905,366022.44601798354,Residencial denso,0.9972599671012751
31,89c2e310283ffff,-34.62689855010304,-58.4227694347533,Boedo,5,9561.938725724824,9561.938725724824,375584.38474370836,Corredores comerciales con subte,3.3383244692389793
32,89c2e302557ffff,-34.55239394177514,-58.470964703883695,Núñez,13,9504.73952192467,9504.73952192467,385089.12426563306,Residencial denso,1.0773885462635113
33,89c2e3020bbffff,-34.54754330127168,-58.4619404377573,Núñez,13,9408.107374277388,9408.107374277388,394497.23163991043,Residencial denso,1.3701071534069769
34,89c2e310ed7ffff,-34.60436722723639,-58.456466040149515,Villa Crespo,15,9053.679129629227,9053.679129629227,403550.91076953965,Residencial denso,1.3762182364664126
35,89c2e3101bbffff,-34.6166051621747,-58.465917976619174,Flores,7,8922.31743602295,8922.31743602295,412473.2282055626,Residencial denso,0.8094160537086992
36,89c2e312ccfffff,-34.646692129938884,-58.4968053318796,Mataderos,9,8917.10631262846,8917.10631262846,421390.3345181911,Residencial denso,0.7577283543728982
37,89c2e311863ffff,-34.58092279347123,-58.41429053382426,Palermo,14,8833.537692308328,8833.537692308328,430223.8722104994,Residencial denso,2.7183882301546496
38,89c2e31119bffff,-34.62301583029666,-58.39920976234231,San Cristóbal,3,8682.231025862337,8682.231025862337,438906.10323636176,Corredores comerciales con subte,4.682663911538394
39,89c2e3109d7ffff,-34.58094269133219,-58.49592677107403,Villa Pueyrredón,12,8548.38260737291,8548.38260737291,447454.48584373464,Residencial denso,1.2043848382577453
40,89c2e31058bffff,-34.63719955856484,-58.461274028898345,Flores,7,8493.963422289198,8493.963422289198,455948.4492660238,Corredores comerciales con subte,0.6032350507937322
41,89c2e31180bffff,-34.585856955543775,-58.414574289863275,Palermo,14,8493.809923321624,8493.809923321624,464442.25918934547,Corredores comerciales con subte,2.519909772477133
42,89c2e312c6bffff,-34.636839838966246,-58.49623657734331,Villa Luro,10,8458.945473576983,8458.945473576983,472901.2046629224,Residencial denso,1.4264802015456535
43,89c2e312b53ffff,-34.611408768658656,-58.49185440399638,Villa del Parque,11,8401.640959266986,8401.640959266986,481302.8456221894,Residencial denso,0.9523535560159861
44,89c2e30258bffff,-34.55644937722927,-58.477027902756845,Coghlan,12,8328.670245335188,8328.670245335188,489631.5158675246,Residencial denso,1.0917762200275547
45,89c2e310c1bffff,-34.604984244045845,-58.47690929385764,Villa del Parque,11,8314.235544335292,8314.235544335292,497945.7514118599,Residencial denso,0.9695419808551495
46,89c2e302467ffff,-34.55582694201017,-58.456586669456144,Belgrano,13,8295.26348263049,8295.26348263049,506241.01489449036,Residencial denso,3.1177512666868825
47,89c2e312a83ffff,-34.62628462083061,-58.48396777670906,Floresta,10,8154.532959220778,8154.532959220778,514395.5478537111,Residencial denso,1.8368396025711404
48,89c2e31adafffff,-34.59024319497995,-58.385655739472874,Retiro,1,8136.806161919844,8136.806161919844,522532.35401563096,Residencial denso,11.33931953387098
49,89c2e310127ffff,-34.607537650998815,-58.46831076599059,Villa General Mitre,11,8075.2764802409765,8075.2764802409765,530607.6304958719,Residencial denso,0.6086617402429888
50,89c2e310977ffff,-34.56940323698982,-58.49817596593839,Villa Urquiza,12,8023.561149833756,8023.561149833756,538631.1916457056,Residencial denso,0.25554182528989977
